sequence,augmented,target,source
ADMEIIQVNPYATEQYGDCSTPLYHMTG,0,4.65277880001,true
ADMEIIQVNPYSSEHYGDCATPLYHGTG,0,4.489446408119999,true
ADMEIIQVNPYSSEHYGDCATPLYHMTG,0,3.89115115161,true
ADMEIIQVNPYSSEHYGDCSTPLYHMTG,0,4.42329695389,true
ADMEIIQVNPYSSEQYGDCATPLYHGTG,0,4.88348648956,true
ADMEIIQVNPYSSEQYGDCSTPLYHMTG,0,4.54625847636,true
ADMEIIQVNPYSTEQYGDCSTPLYHMTG,0,3.62114719096,true
ADMEIRQVNPYSSEQYGDVATPLYHGTG,0,5.409750682219999,true
AEDEVSQTNPVCTEMWGFISETLQHFNL,0,4.959585607869999,true
AEDEVSQTNPVCTEMWGFISETLQHFPL,0,5.18125848054,true
AEDEVSQVNPVCTEMWGFIGETIQHFPL,0,4.20333126994,true
AEDEVSQVNPVCTEMWGFISETIQHFPL,0,5.318327394280001,true
AEDEVSQVNPVCTEMWGFISETLQHFPL,0,4.9976902129,true
AEGEIWQTNPVATESYGNIEEPPIGGDQ,0,5.580022457569999,true
AEIEITAVNPDATENYGGAEEDVLNGTE,0,5.24843830861,true
AEIEITAVNPDATEQYGGAEEDVLNGTE,0,5.02444488235,true
AEQEIVPTNPCASEQYGIAGMCPNFGEY,0,4.97885853817,true
AEQEIVPTNPCSSEQYGIAGMCPNFGEY,0,5.23708686886,true
AEQELAGTNSCASETFGDATEILQAPGR,0,5.29285476479,true
AESEIVQTNPDAVELYGTASNGGCYGDT,0,4.83833445316,true
AESEIVQTNPDSVELYGTADNGGCYGDT,0,4.41724790921,true
AESEIVQTNPDSVELYGTASNGGCYGDT,0,4.79847846435,true
CDDELAPTNPCCTEMYGFCADVPCAEEV,0,5.47458618258,true
CDEELAPTNPCATEMYGFCADVLCAEEV,0,4.57104066955,true
CDEELAPTNPCCTEMYGFCADVLCAEEV,0,5.13394779318,true
CDEELAPTNPVATEMYGFCADVLCAEEV,0,4.65901075372,true
CDEELAPTNPVATEMYGFCATVLCAEEV,0,4.30303328389,true
CDQELNGTNPVSCEGFGDIAETLQHGEM,0,5.059218962119999,true
CDQELNGTNPVSCEGFGDIAETLQRGEM,0,4.36471189571,true
CDQELNGTNPVSCEGFGDIAETVQHGEM,0,5.17168439363,true
CDQELNGVNPVSCEGFGDIAETVQHGEM,0,4.6891629505,true
CEDMIKTVTHFWWQSCKRWCFGEDVVPC,0,4.162836491719999,true
CEDMIKTVTHFWWQSCKRWCTGEDVVPC,0,5.01987853787,true
CEEMIKTVTHFATEQCKRVCTGEDVVNC,0,5.38606404769,true
CEEMIKTVTHFAWEQCKRVCTGEDVVNC,0,4.78140738508,true
CEEMIKTVTHFAWEQCKRVCTGEDVVPC,0,2.91510269362,true
CEEMIKTVTHFAWQQCKRVCTGEDVVPC,0,4.52724791792,true
CEEMIKTVTHFWWQSCKRVCTGEDVVPC,0,5.53675500367,true
CELEIIPVNYVSVEVFGEFGITYQTEQM,0,4.52299896783,true
CELEIITTNYVAVEVFGEFGINYQTEQM,0,3.903429481390001,true
CESEIAPTNPPASEPYGYHNQVDSEAEM,0,4.43181959054,true
CETEVSCTNPVSSELWGDMAALIQHGQM,0,4.82486838556,true
CETEVSCTNPVSSELWGDMAALLQHGQM,0,5.164246061969999,true
CETEVSCVNPVSSELWGDMAALIQHGQM,0,4.81415193859,true
CNERYQQTGPSASDLMQDGEGLEDQMIG,0,2.96853049623,true
CNERYQQTNPSASDLMQDGEGLEDQMIG,0,3.44108626733,true
CSLCIRMTLFVATCCQFILQGTVLISAH,0,5.54311516845,true
CSLCLRMILFYMTCCQFILQGTVLISAH,0,5.38974439417,true
DAECIRPTNPFAGCQPWFWHEGPCNEED,0,4.62741827322,true
DAECIRPTNPFAGCQYWFWHEGPCNEED,0,5.50825728793,true
DAECIRPTNPFATCQYWFWHEGPCNEED,0,5.26407759471,true
DAECIRPTNPFATCQYWFWHEGPCNGED,0,4.87011316184,true
DAECIRPTNPFATEQYWFWHEGPCNGED,0,4.55015861278,true
DAECIRPTNPFATQQYWDWHEGPCDMED,0,3.78923181209,true
DAECIRPTNPFAWQIYWCWEHGGDPGLP,0,4.98719783908,true
DAEEIRPTNPFATAQYWDWHEGPCDMED,0,4.74767514001,true
DAEMIRPTNPFATAQYWDWHEGPCDMED,0,4.16543985189,true
DAEMIRPTNPFAWQFYWCWEHGGDPGLP,0,4.46091124569,true
DAEMIRPTNPFAWQFYWSWEHGGDPGLP,0,5.008259454609999,true
DAEMIRPTNPFAYSQYWHWEHGDDDGLP,0,4.73231756499,true
DAEMIRPTNPFAYSQYWSWEHGDDDGLP,0,5.2798053603,true
DAWMIRPTNPFAYSNYWHWEHGDDDGLP,0,5.18883170025,true
DDAETACVNPIACELFGTVSMDLQVPTF,0,4.09713186611,true
DDEEIYATNPYSSEIYGFVGNDLGPGTL,0,4.75587229297,true
DDEETACVNPIACELFGTVSMNLQVPTF,0,5.19130820133,true
DDEEVHCTNPDSTEWWGWCDYNLDLGLA,0,4.020911834700001,true
DDEEVRSTNPFCSELYGYVDMPDDQGMA,0,5.00190862245,true
DDMEICTVNCYCTEIWGQVPFPDSMPDQ,0,4.56044691924,true
DDMEICTVNCYCTEIWGQVPTPDQMPDQ,0,4.97826471431,true
DDMEICTVNCYCTEIWGQVSTPDQMPDQ,0,4.93127242448,true
DDMPICMVNCYCTAIWGQNPFPDSMPDQ,0,5.42329695389,true
DDMPICMVNCYCTEIWGQVPFPDSMPDQ,0,5.26807845126,true
DDMPICMVPCYCTAIWGQNPFPDSMPDQ,0,4.89604995102,true
DDMPICMVPCYCTAIWVQNPFPDSMPDQ,0,4.43901518763,true
DDMPICMVPCYCTAQWVQNPFPDSMPDQ,0,4.28373272793,true
DDMPICMVPCYCTAQYVQNPFPDSMPDQ,0,5.28964390666,true
DDMPICTVNCYCTEIWGQVPFPDSMPDQ,0,4.6157409538,true
DDMPIRMVPCYCTAQYVQNPFPDSMPDQ,0,4.69606289774,true
DDMPIRMVPCYCTAQYVQNPTNDSMGDQ,0,5.02836702806,true
DDMPIRMVPCYCTAQYVQNPTNDSMPDQ,0,4.42329695389,true
DDMPIRMVPCYCTAQYVQNPTPDSMPDQ,0,2.75253658041,true
DDQEIRTVNPHCMEQYGSSGNNDMFPTA,0,4.64826331889,true
DDQEIVTTNPESTEHYGSVEYPETIGEI,0,2.58594729153,true
DDQEVVTTNPESSEHEHSVEYPETIGEI,0,3.40223533836,true
DDQEVVTTNPESSEHYGSVEYPETIGEI,0,4.65942717602,true
DDQEVVTTNPESSEQEGSVETPETIGEI,0,4.74137272328,true
DDQEVVTTNPESSEQEGSVETPETRGEI,0,3.58002245757,true
DDQEVVTTNPESSEQEGSVEYPETIGEI,0,4.3769040484,true
DDQEWRTTNPHCMEQYGSSGTLDMFPTA,0,4.54497551047,true
DDQEWRTVNPHCMEQYGSSGNLDMFPTA,0,4.7731502844,true
DEDEVVAVNPVCYEPFGNIGTNYQVLNR,0,5.241892944,true
DEDTCRTTNFPATIQIGSGVTLYCDGDR,0,4.2893585762,true
DEDTCSTTNFPATIQIGSGVTLYCDGDP,0,3.1086613515600003,true
DEDTCSTTNFPATIQIGSGVTLYCDGDR,0,5.17289015638,true
DEDTCSTTNFPATIWIGSGVTLYCDGDP,0,2.97160098403,true
DEEEIRCTNPHDHDCYHFVADNWWCEFA,0,4.75587229297,true
DEEEIRCTNPHDHDQYHFVADNWWCEFA,0,4.81495152573,true
DEEEIRTDNPFAFQQPWSWEDPDDPEEP,0,3.73817029124,true
DEEEIRTTNPDATQQEWSWEDPDEWEEM,0,5.52890714185,true
DEEEIRTTNPDKTQQEWSWEDPDEWEEM,0,4.44037046724,true
DEEEIWCTNPHDHDCYHFVADNWWCEFA,0,5.09042799619,true
DEEEQGTTNPYANEYWYSNENLGINGIP,0,4.90195055246,true
DEEMIKTVTHFATEQCKRVCTGEDVVNC,0,1.03454444796,true
DEEMIKTVTPFATEQCKRVCTGEDVVNC,0,4.89503504064,true
DEEMIRTVTPFATEQCKRVCTGEDVVNC,0,4.53921624118,true
DEEPQGTTNPYANLYWYSNENLGINGIP,0,5.34083479369,true
DEEWIRGTNCVTHEQWGHVHSCEYYGGW,0,5.11844237236,true
DEEWIRGTNCVTHEQWGHVSSCEYYGGW,0,4.96300837351,true
DEGEITAVNPISVEMFGTVSAAPQLGPV,0,4.89337581672,true
DEIEVVGTNPTASEVYGCCSDILQHLVM,0,4.156410222560001,true
DEIEVVGVNPTASEVYGCCSDILQHLVM,0,4.102912674060001,true
DEIEVVGVNPTASEVYGCCSDIVQHLVM,0,4.29214496774,true
DELEIRTTLFVATCQQFSLQTTVLIGAH,0,4.22535757627,true
DEMECTAVNPVATECYGCVDMDWCALNC,0,4.95524107231,true
DEMECTAVNPVATEQYGCVDMDWCALNC,0,5.14152598547,true
DEMEIRMVPPYCTAQYVSNPTNDQMGDQ,0,5.05601987182,true
DEMPIRMVPCYCTAQYVQNPTNDSMGDQ,0,4.03827202367,true
DEMPIRMVPPYCTAQYVQNPTNDSMGDQ,0,5.09504024161,true
DEMPIRMVPPYCTAQYVSNPTNDQMGDQ,0,3.2383632861,true
DEMPIRMVPPYCTAQYVSNPTNDSMGDQ,0,4.282995530650001,true
DEQEIRCTNPFATEVENFSIDPPEQYPS,0,5.08980232431,true
DEQEIRTTNPEATQQYGLWDYEEEPEYE,0,5.636290677219999,true
DEQEIRTYNPTATDINEDDDCAPYMEEI,0,4.36101267563,true
DEQEIRTYNPTATDIYEDDDCAPYMEEI,0,4.42329695389,true
DEQEIRTYNPTATDIYEDDDCAPYMGEI,0,2.7692928087300004,true
DEQEIRTYNPTATDIYGDDDCAPYMGEI,0,2.910086915710001,true
DEQEISTTNPDATAQYGGWDDCEETDEQ,0,3.8833192974,true
DEQEITTTNPEATDHWGSWEEEEELEDF,0,5.18228885438,true
DEQEIYSTNPHSTEWWGNYGDCLMGFQL,0,5.428019364130001,true
DEQETRTVNPVCHDVFGWSVSNLQEPMC,0,4.04043986036,true
DEQLIRTSNPDKYDQYGSVIQHLICDEQ,0,4.09679060254,true
DEQLIRTSRPDKYDQYGSVIQHLICDEQ,0,5.33284200294,true
DEQLIRTSRPDKYDRYGSVIQHDICDEQ,0,2.4883919821100013,true
DEQLIRTSRPDKYDRYGSVIQHLICDEQ,0,4.051328176499999,true
DEQLIRTSRRDKYDRYGSVIQHDICDEQ,0,3.1926092941900004,true
DERWIRGTNCVTHEFWGHVHSCEYYGGW,0,4.448924593130001,true
DESEIVQTNPDAVELYGTASNGGCYGDT,0,5.36553523432,true
DESELKAVNPCASESFGSMPNNVQRLTS,0,5.16498495829,true
DETEICGTNPTLTEPFGFAMTFWAQDYG,0,3.603869199530001,true
DETEICGTNPTLTEPFGFVMTFLAQDYG,0,5.40084210306,true
DETEICGTNPTLTEPFGFVMTFWAQDYG,0,5.10325596854,true
DETEIGTTNPYSTECWGEYSEIAMYEEC,0,2.91697485158,true
DEVEIASTNPVGTETYGIIPMEEEHFLG,0,5.3769040484,true
DEVEIICCNCTCTECFGEVSNDVDNGTA,0,4.565901349330001,true
DGHYVRTCNTFAMDIYYAVCALPEFGFG,0,4.146824173730001,true
DGHYVRTCNTFAMDIYYAVCALPQFGFG,0,5.39633700373,true
DGHYVRTCNTFAMDQYYAVCTLPQFGFG,0,5.49395150745,true
DGHYVRTCNTFAMDQYYAVCTNPQFGFG,0,3.5107597951400003,true
DGHYVRTCNTFAMDQYYSVCTNPQFGFG,0,4.81649865192,true
DGHYVRTCNTFAMDQYYSVSTNPQFGFG,0,3.603869199530001,true
DLDAISCTNPGAIQFWWIVWEGECILLP,0,4.963271999830001,true
DLDAISCTNSGAIQFWWIVWEGECILLP,0,4.894915198550001,true
DLEAIRTTNPGATQFYWIVWEGECILLP,0,3.94597517635,true
DLEAISCTNPGAIQFWWIVWEGECILLP,0,4.24023085275,true
DLEEIRTTNPGATQFYWIVWEGECILLP,0,5.15908435685,true
DLELIRPTNPFAYLFYGSVEHGGIPGIP,0,4.850509167109999,true
DLEQIRTTNPDAFGWYGCVDPAFFYGTY,0,5.48364366721,true
DLEQIRTTNPDAFGWYGCWDPAFFYGTY,0,5.04478533063,true
DLNCCVGTNPFATEQYGYFFTGLCVGLQ,0,4.49953253971,true
DMELIMTCNPTASDCFAFLHANYIQGPF,0,5.45792883863,true
DMELIMTTNPTASDCFAFLHANLIQGPF,0,5.262832281690001,true
DMELIMTTNPTASDCFAFLSANLIQGPF,0,4.88515530992,true
DMEVHRTSNGFAHSQYYIWHPCYFLGEN,0,4.63083624713,true
DMEVHRTSNGFAHSSYYIWHPCYFLGEN,0,3.1186087127499995,true
DMEVHRTSNGFATEQYYIVHPCYFLGEN,0,4.149303336059999,true
DMEVHRTSNGFATSQYYIVHPCYFLGEN,0,4.84542387795,true
DMEVHRTSNGFATSQYYIWHPCYFLGEN,0,4.15982061359,true
DMEVIRTSNGFATEQYYIVHPCYFLGEN,0,4.67398111274,true
DMQETRTTNGVCHDVFGWSSSNLQEPMC,0,3.52940010486,true
DMQETRTTNGVCHDVFGWSSSNLQRPNC,0,4.2596719408,true
DMQETRTTNGVCHDVFGWSVSNLQEPMC,0,4.22131863409,true
DMQETRTVNGVCHDVFGWSVSNLQEPMC,0,4.0234939683,true
DMQETRTVNPVCHDVFGWSVSNLQEPMC,0,4.49190076788,true
DNECNWCTNPHDHDCYHFVADPWWCEFA,0,5.08114383093,true
DNECNWCTNWHDHDCYHFDADPWWCEFA,0,5.09690921081,true
DNECNWCTNWHDHDCYHFVADPWWCEFA,0,4.5699218676,true
DNEEIWCTNPHDHDCYHFVADPWWCEFA,0,4.83464940636,true
DNEENWCTNPHDHDCYHFVADPWWCEFA,0,4.89733063911,true
DNEHIAPTNPHAYQCWGSNNGWKHDGIP,0,5.260216333490001,true
DNEHIATTNPIEFEIGWWVEMPAHPYTA,0,4.9733256645,true
DNEHIATTNTIEFEIGWWVEMPAHPYTA,0,4.28675812094,true
DNEHIATTNTIEFLIGWWVEMPAHPYTA,0,5.29663498978,true
DNEHIRPTNPHAYQQWGSNNTWKHDGIP,0,5.29352907891,true
DNEHIRPTNPHAYQQYGSNNTWKHDGIP,0,4.58238947212,true
DNEHIRTTNPIEFEIYGWVEMPAHPYNA,0,3.0678162992899987,true
DNEQFRTRNPVAFAQWGSVSDYEHPGSG,0,2.86690360536,true
DNEQFRTRNPVAFAQWGSVSDYEHPVSG,0,3.817272837640001,true
DNEQFRTRWPVAFAQWGSVSDYEHPVSG,0,4.03999887805,true
DNEQFRTRWPWAFAHWPADWDYEHPVSG,0,4.362534295630001,true
DNEQFRTRWPWAFAHWPAVWDYEHPVSG,0,4.159084356849999,true
DNEQFRTRWPWAFAQWGSVSDYEHPVSG,0,3.4773367936,true
DNEQFRTRWPWAFAQWPAVWDYEHPVSG,0,3.769417663169999,true
DNEQFRTRWPWAFAQWPSVSDYEHPVSG,0,3.4446706046800006,true
DNEQFRTRWPWAFAQWPSVWDYEHPVSG,0,5.0234939683,true
DNEQFRTRWYWAFAHWPADWDYEHPVSG,0,2.3328420029399988,true
DNEQFRTRWYWKFAHWPADWDYEHPVSG,0,4.078914008169999,true
DNERYQQTNPSASDLMQDGEGLEDQMIG,0,4.5062584029,true
DNERYQQTNPSASDQMGDGEGLEDQMIG,0,4.98510849036,true
DNERYQQTNPSASDQMGDGEGLLDQMIG,0,3.7189457239699992,true
DNERYQQTNPSASDQMGDVEGLLDQMIG,0,4.24933643921,true
DNERYQQTNPSASDQMQDGEGLEDQMIG,0,3.44166340722,true
DNERYQQTNPSATDQMGDVEGLLDQMIG,0,3.53806714113,true
DNERYQQTNPVATDQMGDVEGLLDQMIG,0,3.65051929283,true
DNERYQQTNPVATDQMGDVETLLDQGIG,0,4.3384793727,true
DNERYQQTNPVATDQMGDVETLLDQMIG,0,4.145409419959999,true
DNRWILGTNCITHMFWGHWHSCEYYLGW,0,5.25023224491,true
DNRWIRGTNCITHEFWGHWHSCEYYLGW,0,4.04101088551,true
DNRWIRGTNCVTHEFWGHVHSCEYYGGW,0,4.72370896953,true
DNRWIRGTNCVTHEFWGHVHSCEYYLGW,0,5.34836846638,true
DNRWIRGTNCVTHEFWGHWHSCEYYLGW,0,4.42776951156,true
DNSHIAPTNTIEFLIGWWVEMPAHPYTA,0,4.49580945367,true
DNSHIAPVNTIEFLIGWWVEMPAHPYTA,0,5.52145680302,true
DPECIQPRNFDAWAVCYDVFEPDCDMIC,0,4.281277949010001,true
DPECIQTRNFDAWAVCYDVFEPDCDMIC,0,4.36101267563,true
DPECIRPTNWFATQCYWFWHEPDFDEEP,0,5.52140703934,true
DPECIRTRNFDAWAQCYDVFEPDCDMIC,0,3.7051233903,true
DPECIRTRNFDAWAQCYDVFEPDCDMNC,0,1.848981697360001,true
DPECIRTRNFDAWAVCYDVFEPDCDMIC,0,4.16122723885,true
DPECIRTTNWFAAQCYKFWHEPDFDEEP,0,5.14485400319,true
DPECIRTTNWFATQCYGFWHEPDFDEEP,0,3.68103706005,true
DPECIRTTNWFATQCYWFWHEPDFDEEP,0,4.476489893049999,true
DPEEIRPTNPFATQQYWDWHEGDCDMED,0,3.445124077130001,true
DPEEIRPTNWGAAQCYGFVHDGGCQWEN,0,4.35141954433,true
DPEEIRPTNWGAAQCYKFVHDGGCQWEN,0,4.90668847147,true
DPEEIRPTNWGATQCYGFVHDGGCQWEN,0,5.2969805041,true
DPEEIRTRNFDAWAQCYDVFEPDCDMNC,0,4.340834793689999,true
DPEEIRTTNFDAFAQCFDWFEDDCHFLC,0,5.641683935990001,true
DPEEIRTTNFDAFAQCFDWFEGDCHEQC,0,4.91848508899,true
DPEEIRTTNFDATAQCFDWFEDDCHFLC,0,4.38292608447,true
DPEEIRTTNFDATAQCFDWFEDDCHGLC,0,4.52039011533,true
DPEEIRTTNFDATAQCFDWFEGDCHEQC,0,3.99809529363,true
DPEEIRTTNFDATAQCYDVFEPDCDMNC,0,4.66706302601,true
DPEEIRTTNFDAWAQCYDVFEPDCDMNC,0,4.49894404489,true
DPEEIRTTNPGACQHYWFVWYEDCAFHQ,0,5.20864018133,true
DPEEIRTTNPGATQHYWFVWYEDCAFHQ,0,4.97604004919,true
DPEEIRTTNPGATQQYWFVWYEDCAFHQ,0,4.49729753533,true
DPEEIRTTNWFATQCYGFWHEPDFDEEP,0,5.29881973821,true
DPEEIRTTNWFATQCYGFWWEGDWDWEN,0,5.03897474899,true
DPEEIRTTNWFATQCYWFWHEPDFDEEP,0,4.952999021969999,true
DPEFSKTTNCAAYSGYASHSGNLQNGQR,0,5.33612779102,true
DPEMIRCTNFDAWAICGSWDGGDCPGND,0,5.2207409482,true
DPEMIRPTNPDAWQIYWCWEHGDDPGLP,0,4.543296382059999,true
DPEMIRPTNPDAWQIYWSWEHGDDPGLP,0,4.79509360277,true
DPEMIRPTNPFATLQYWSWDHGDDPGED,0,4.301306429509999,true
DPEMIRPTNPFATQQYWDWHEGDCDMED,0,4.19969269288,true
DPEMIRPTNPFAYLQYWSWDHGDDPGED,0,4.347176320569999,true
DPEMIRPTNWGAAQCYKFVHDGGCQWEN,0,4.7745304577,true
DPEMIRTTNFDAFAQCFDWFEDDCHFLC,0,3.68348266714,true
DPEMIRTTNFDAFASCFDWFEDDCHFLC,0,4.73641197897,true
DPEMIRTTNFDAWAICGSVDTGDCPGND,0,5.36166829711,true
DPEMIRTTNFDAWAICGSWDGGDCPGND,0,4.26917380857,true
DPEMIRTTNFDAWAICGSWDTGDCPGND,0,4.61522906169,true
DPEMIRTTNPDAWAQCGSVDSGDCPGLD,0,3.7346558070599993,true
DPHMIRCTNFDAWAICGSWDGGDCPGND,0,4.70340487308,true
DPNIIRATNPMATLCYGSVWHSGDEGIL,0,5.008259454609999,true
DQNAIGGTNPDATQLYISVESNDQLEVS,0,4.07113665758,true
DSERTRQTNPIATWQYTSCYTGDYRGDS,0,4.30608884839,true
DSERTRQTNYIATWQYTSCYTGDYRGDS,0,2.99505995685,true
DSERTRQTNYIATWQYTSCYTGDYWGDS,0,4.76929280873,true
DSERTRQTNYICTWQYTHCYTGDYWGDS,0,4.06330081816,true
DSERTRQTNYICTWQYTSCYTGDYWGDS,0,5.56083104135,true
DTECIRTTNPHATCKWGDWHDGEMEGDA,0,4.82386544719,true
DTECIRTTNPHATCQWGDWHDGEMEGDA,0,5.5358507761,true
DTECIRTTNPYAGCKWWDWHEGEMEGDA,0,5.31197993102,true
DTECIRTTNPYAMLQWGSWHTGEIEGAP,0,5.14152598547,true
DTECIRTTNPYATCKWGDWHEGEMEGDA,0,5.12302964185,true
DTEEIRTTNPDKTQQEWSWEDPDEWEEM,0,5.22359711841,true
DTEMIRTTNPHAMCKWGDWHEPEMTGDP,0,5.34083479369,true
DTEMIRTTNPHATCKWGDWHEPEMTGDP,0,2.76256694555,true
DTEMIRTTNPYAFLKWGSWHTGDIEGNP,0,4.547285671159999,true
DTEMIRTTNPYAMCKWGDWHEGEMEGDP,0,5.55656348475,true
DTEMIRTTNPYAMLQWGSWHTPDIPGTP,0,4.17090979225,true
DTEMIRTTNPYAMMWWGSWHTPDIPGTP,0,4.366565068790001,true
DTEVIRTTNPDKEQREWSWEDPDEWEEM,0,4.453928572540001,true
DTEVIRTTNPDKTQQEWSWEDPDEWEEM,0,3.53347987164,true
DTEVIRTTNPDKTQREWSWEDPDEWEEM,0,5.07970997787,true
DTEVIRTYNPDKEQREWSWEDPDEWEEM,0,5.13310828244,true
DTQLIRGSRRDKYDRYESWIQHDICDEQ,0,3.615942031830001,true
DTQLIRTSRRDKYDRYESVIQHDICDEQ,0,2.04364665507,true
DTQLIRTSRRDKYDRYESWIQHDICDEQ,0,3.5107597951400003,true
DTQLIRTSRRDKYDRYGSVIQHDICDEQ,0,2.700188160389999,true
DVFVINTTIPGLTLQYQSAYTHPDFFQF,0,5.405225380959999,true
DVFVINTTIPVLTLQYQSVYTHPDFFQF,0,5.2044694494,true
DVFVINTTIPVLTLQYQSVYTHPQFFQF,0,5.5682452898,true
DVFVINTTIYGLWLIFQNAYFHPDFFQF,0,5.385495444080001,true
DVFVINTTIYGLWLIFQNAYTHPDFFQF,0,5.08449504043,true
DVFVINTTIYGLWLIFQSAYTHPDFFQF,0,5.39306475247,true
EEDEISGVNPVACENYGICTDLIQHEEH,0,5.53364621203,true
EEDEISGVNPVCCENYGICTDLIQHEEH,0,5.232775047840001,true
EENEIRTVNPCCTEGYGDAGEEECHEDS,0,5.42734378695,true
EPEMIRPTNWGAAQCYKFFHDGGCQWEN,0,3.7163439287900006,true
EPEMIRPTNWGAAQCYKFVHDGGCQWEN,0,3.951792502949999,true
EPWMIRPTNWGAAQCYKFFHDGGCQWEN,0,4.61004777446,true
EPWMLCPTNWGAAQCYKFFHDGGCQWEN,0,5.026944017869999,true
EPWMLRPTNWGAAQCYKFFHDGGCQWEN,0,2.91558161628,true
FALEISQTGCHATECYGDCSTCIDSEKN,0,5.36780184129,true
FALEISQTGCHSTECYGDCDNCIDSEKN,0,4.70340487308,true
FALEISQTGCHSTECYGDCSNCIDSEKN,0,4.49943049669,true
FALEISQTGCHSTECYGDCSTCIDSEKN,0,4.39276258574,true
FDSELKAVNPCASESFGSMPNNVQRLTS,0,4.66276288858,true
FDSELKAVNPCASESFGSMPNQVQRLTS,0,4.85159635257,true
FDSELKAVNPCASESFGSMSNQVQRGTR,0,4.970191413769999,true
FDSELKAVNPCASESFGSMSNQVQRLTR,0,5.19952870813,true
FDSELKAVNPCASESFGSMSNQVQRLTS,0,4.66387650889,true
FEGEIRMVNCIGSVQYGNASSNLQDLAD,0,4.52310818756,true
FELEISTTGCHATECYGDCSTCIDSEKN,0,5.63034141089,true
FESELKAVNPCASESFGSMPNNVQRLTS,0,3.6610940682200006,true
FESELKAVNPCASESFGSMSNQVQRGTR,0,5.06781629929,true
FGGEIRMTNCIGSEQYGNAMSNLQRLAD,0,4.474598643709999,true
FGGEIRMTNCIGSVQYGNAMSFLQDLAD,0,4.41122412158,true
FGGEIRMTNCIGSVQYGNAMSNLQDLAD,0,3.27372059783,true
FGGEIRMTNPIGSEQYGNAMSNLQRLAD,0,4.75324637249,true
FGGEIRMVNCIGSVQYGNASSFLQDLAD,0,3.5632272150300004,true
FGGEIRMVNCIGSVQYGNASSNLQDLAD,0,5.00679701653,true
FGHYVRTCNTFAMDIYYAVCALPEFGFG,0,5.49493482797,true
FGHYVRTCNTFCMDIYYAACALPEFDFG,0,5.62260576211,true
FGHYVRTCNTFCMDIYYAVCALPEFDFG,0,4.85540796652,true
GDDEVHCTNPDSTEWWGWCDYNLDLGLA,0,4.23649813388,true
GDEEIHMCNVCATWFYGVVASNLQNLLR,0,5.18883170025,true
GDEELYAVNPYSSEIYGFVGNDLGPGTL,0,5.42329695389,true
GDEEVHCTNPDSTEWWGWCDYNLDLGLA,0,4.64176580729,true
GDEEVRSVNPFCSELYGYVDMPDDQGMA,0,5.10301233179,true
GDSEIHMCNVCATWFYGVVASNFENLLE,0,5.431032602659999,true
GDSEIHMCNVCAYWFYGVVASNFERLLE,0,4.93952427753,true
GDSEIHMTNPCAYWFYGVVASNFERLLE,0,5.63301554519,true
GEEEICSVNPFACEQWGICPNEQQYGLL,0,5.293059069119999,true
GEEEVSPTNPQDTEQYGFFMEFEYPGQN,0,4.69133204078,true
GEEVIHVTNPVAHFPYGSRGFPFQRGTW,0,2.76256694555,true
GEEVLHVTMPFIHFPYGSRGFPFGIGTW,0,3.52542570522,true
GEEVLHVTMPFIHFPYGSRGFPFGILTW,0,5.215721724030001,true
GEEVLHVTNPFAHFPYGSRGFPFGRGTW,0,4.71851176547,true
GEEVLHVTNPFIHFPYGSRGFPFGRGTW,0,5.59853575522,true
GEEVLHVTNPVAHFPYGSRGFPFGRGTW,0,4.21236023574,true
GEEVLHVTNPVAHFPYGSRGFPFQRGTW,0,4.864685780109999,true
GEFEIGGTNPVCTEHYGLMADTIQHGMA,0,5.3613665942,true
GEFEIGGVNPVCTEHYGLMADTIQHGMA,0,5.329095957240001,true
GEFEVSPTNPQDTEQYGFFMEFEYPLQN,0,4.71247676669,true
GEHEIRPTNPVGTEFYGVIGGDIQEPLW,0,5.16359440875,true
GEHETLPTNPMGTEFYGVIGGDITEPLW,0,5.40572432444,true
GEHETLPTNPVGTEFYGVIGGDITEPLW,0,5.04696298394,true
GEHETLPTNSMGTEFYGVIGGDITEPLW,0,3.92536263707,true
GEHETLPTTSMALEQQGVIGGDLTEPNW,0,4.34319406657,true
GEHETLPTTSMALEQQGVIGTDLTEPNW,0,4.63265210016,true
GEHETRPTNPVGTEFYGVIGGDIQEPLW,0,4.77122025731,true
GEHETRPTNPVGTEFYGVIGGDITEPLW,0,5.1697228773,true
GEHETRPTTSMALEQQGSIGTDLTEPNW,0,5.14701152455,true
GEHETRPTTSMALEQQGVIGTDLTEPNW,0,5.48522470303,true
GEHETRPTTSMATEQQGSIGTDLTEPNW,0,5.24397325444,true
GEHETRPTTSMATEQQGSISTDLTEPNW,0,4.16954036164,true
GEHGTLPTNSMGLGFQGVIGGDITEPLW,0,4.98719783908,true
GEHGTLPTNSMGLGFYGVIGGDITEPLW,0,4.149303336059999,true
GEHGTLPTTSMALEQQGVIGGDLTEPNW,0,5.25594589611,true
GEHGTLPTTSMALGQQGVIGGDITEPNW,0,4.359943616640001,true
GEHGTLPTTSMALGQQGVIGGDLTEPNW,0,4.33719621663,true
GEHGTLPTTSMGLGFQGVIGGDITEPLW,0,4.69631544829,true
GEHGTLPTTSMGLGQQGVIGGDITEPNW,0,4.405929821919999,true
GEIEIVATNPCSTECWGWTGNLLQHGGT,0,5.64286333114,true
GEIELVATNPCSSECWGWTGNLLQHGGT,0,5.03627383078,true
GEIEVVGVNPTASEVYGCCSDIVQHLVM,0,4.551401779630001,true
GEIEVVGVNPTSSEVFGCCSDIVQHLVM,0,5.11844237236,true
GELELRCVNPTCWELWGDAAEEPMFYLR,0,5.37633347491,true
GELELRCVNPTCWELYGDAAEEPMFYLR,0,5.101368859,true
GELELRCVNPTCWEQYGDAAEEPMFYLR,0,5.60386919953,true
GELELRTVNPTCWEQYGDAAEEPMFYLR,0,5.31145098691,true
GELELVCVNPTCTELWGDAAEEPMFYLR,0,5.08191649633,true
GELELVCVNPTCTELWGDAAENLMFGLR,0,4.88626893023,true
GELELVCVNPTCTELWGDAAENLQFGLR,0,4.86484408318,true
GELELVCVNPTCWELWGDAAEEPMFYLR,0,4.68068479658,true
GEVEVCCTNCCASEVWGDVATDPNPGTY,0,5.350112607280001,true
GEVEVCCTNCCASEVYGDVATDPNPGTY,0,5.11415501395,true
GPVEVCCTNCCASEVWGDVAADPQPGTY,0,5.52848450691,true
GPVEVCCTNCCASEVWGSVAADPQPGTY,0,5.58387772434,true
GPVEVCTTNCCASEVYGSVAADPQPGTY,0,5.25614796839,true
GPVEVCTTNCCASEVYGSVAANPQPGTY,0,5.63072041918,true
GVEVLHVTMPFIHFPFGGRGFPFGILTW,0,5.37120844274,true
GVEVLHVTMPFIHFPYGGRGFPFGILTW,0,5.33550134939,true
GVEVLHVTMTFIHFPFWGRGFPFGILTW,0,5.519804934740001,true
HAECIRPTNPFAGCHPWFWHEGPCNEED,0,4.028437336540001,true
HAECIRPTNPFAGCQPWFWHEGPCNEED,0,4.571533217409999,true
HAECISPTNCFAGCHPWFWHEGPCNEED,0,4.90966702727,true
HAECISPTNPFAGCHPWFWHEGPCNEED,0,5.06509633183,true
HAGCISPTNCFAGCHPWFWHEGPCNEED,0,4.36286110002,true
HAGCISPTNCFGGCHPWFWHEGPCNEED,0,4.6559919306,true
HAGCTSPTNCFGGCHPWFWHEGPCNEED,0,5.08125181305,true
HDAETACTNPIACQQFGTMSMDLQVPTF,0,4.65117491431,true
HDAETACVNPIACELFGTMSMDLQVPTF,0,5.37199572518,true
HDAETACVNPIACQLFGTMDMDLQVPTF,0,4.62179110752,true
HDAETACVNPIACQQFGTMSMDLQVPTF,0,4.83464940636,true
HDEETACTNPIACQQFGTMSMDLQVPNF,0,5.26758581166,true
HDEETACTNPIACQQFGTMSMDLQVPTF,0,5.361765451559999,true
HDEETACTNPVACQQFGTMSMDLQVPNF,0,4.34155880516,true
HDSEIMCVNCDASEQYGVVATCPIRPGS,0,5.0783007241,true
HDSEIRCVNCDASEQYGVVATCPIRPGS,0,5.29220944009,true
HDTEICTVNPVATEQYGTTGTEDETEMI,0,5.62623701256,true
HDTEIRTVNPIATEQYGTTGEEDETEMI,0,4.92579729441,true
HDVEIKGTNPIAFAAGYHVPCTPQGLNH,0,4.21613904624,true
HDVEIKGTNPIAFAAGYHVPCTPVGLFH,0,4.94811567384,true
HDVEIKGTNPIAFAAGYHVPCTPVGLNH,0,5.25525906199,true
HDVEIKGVNPIAFAAGYHVPCTPVGLFH,0,4.81673681867,true
HDVEIRGTNPIAFAAGYHVPCTPQGLNH,0,5.49095471462,true
HDVEIRGTNPIAFAAGYHVSCTPQGLNH,0,4.45990342515,true
HDVEIRGTNPIAFEAGYHVSCTPQGLNH,0,5.39528257772,true
HDVIIKGVNPIAFAAGYHVPCTPVGLFH,0,4.864597137980001,true
HDVIIKGVNPICFAAGYHVPCTPVGLFH,0,5.252743464069999,true
HDVIQKGVNPICFAAGYHVPCTPVGLFH,0,4.6940670085,true
HEDEIYQTNPCSTEIFGLTGTTCQKEEM,0,5.28194110464,true
HEDEIYQTNPCSTEIYGLTGTTCQKEEM,0,4.22844355615,true
HEDELYQTNPCSTEIFGLTGSTCQKEEM,0,4.48285379857,true
HEDELYQTNPCSTEIFGLTGTTCQKEEM,0,4.15103019044,true
HEDEVRTVNPISSENYGAVGNGDQGEMF,0,5.11354357294,true
HEDEVRTVNPISSENYGAVGNGDQGGMF,0,5.18368839697,true
HEHEIVSTNPVASSVYGGVCIELNVGPS,0,5.28675812094,true
HELELACVNPVCTSCYGDAAEEIQTGMM,0,5.29363458588,true
HELELWGVNPCSTEGYGTAAETIQHAQM,0,4.40100844345,true
HELELWGVNPCSTEGYGTAAETIQRAQR,0,5.53447586411,true
HELELWGVNPVSTEGYGTAAETIQRAQR,0,5.57546043491,true
HESEVEQVNPTSCECWGVCAELIQHGQT,0,5.30521088396,true
HESEVEQVNPTSCECWGVCSELIQHGQT,0,3.58002245757,true
HESEVEQVNPTSCECYGVCSELIQHGQT,0,5.55495959905,true
HESEVEQVNPTSCECYGVCSELLQHGQT,0,5.2911591836,true
HESEVRAVNPCASEQYGAVGSNDQVEDC,0,4.267903271240001,true
HETEICSVNPVASEVYGNTAMLLQQGQI,0,4.603869199530001,true
HETELCSVNPVSSEVYGNTAMLLQQGQI,0,5.4606745637,true
HIDNIRATNPILVASQLSVWMCICGGEM,0,5.10988035885,true
HIDNIRTTNPILVASQLSVWMNICGGEM,0,3.83429893993,true
HIDNIRTTNPVLVAQQLSVWMNICGGEM,0,4.93934266461,true
HIDNIRTTNPVLVASQLSVWMNICGGEM,0,4.72358275502,true
HIENIRTTNPVLVAQQLSVWMNICGGEM,0,4.22330609142,true
IEDTCSTTFFPATIWIQSGVGLYCDSDP,0,4.887995784609999,true
IEDTCSTTFFPMTIWIQSGVGLYCDSDP,0,4.43547166783,true
IEDTCSTTNFPATIWIGSGVGLYCDSDP,0,3.3341710634099995,true
IEDTCSTTNFPATIWIGSGVTLYCDGDP,0,5.15103019044,true
IEDTCSTTNFPATIWIGSGVTLYCDSDP,0,4.239296767230001,true
IEDTCSTTNFPATIWIQSGVGLYCDSDP,0,5.53500734138,true
INDTCSTTFFPMCIWIQSGVGLYCDSDP,0,5.490100324569999,true
KDCELLCVNPASDELWQECGCMCMLTKN,0,4.82359243409,true
KDCEVMCVNPCSTELYGWTFMNWCNGDD,0,4.66185238363,true
KDCEVRCVNPCSTELYGWTFMNWCNGDD,0,4.46636567578,true
KDCEVRCVNPCSTELYGWTFMNWCNGND,0,5.45631201111,true
KDEEVRCTNPCSTELYGWTFMNWCNGND,0,5.47123143095,true
KDEEVRCVNPCSTELYGWTFMNWCNGND,0,4.00313149533,true
KECELLCTNPASDELYQECGCMCMLTKN,0,5.39925147992,true
KECELLCVNPASDELWQECGCMCMLTKN,0,4.64568937522,true
KECELLTTNPASDELYQECSCMCMLTKN,0,3.3207192358700004,true
KECELLTTNPASTELYQECSCMCMLTKN,0,5.37560021185,true
KECELLTTNPVSTELYGECSCMCQLTKN,0,3.340834793689999,true
KECELLTTNPVSTELYQECSCMCMLTKN,0,3.76246490252,true
KECELLTTNPVSTELYQECSCMCQLTKN,0,4.8621026191,true
KEEYIDTTGPSAMCCFGFCNEDDDTEEM,0,4.79526573127,true
KEEYIRTTGPSAMCCYGFCNEDDDTEEM,0,4.43154802441,true
KEEYIRTTGPSAMCCYGFVNEDDDTEEM,0,4.29431606679,true
KEEYIRTTGPSATCCYGFVNEDDDTEEM,0,4.0761315675,true
KEVEIICCNCTCTECFGEVDNDVDNGTA,0,4.64451118402,true
KEVEIICCNCTCTECFQEVDNDVDNGTA,0,5.46636567578,true
KEVEIICCNCTCTMCFQELDNDVDNGTA,0,3.62811674577,true
KEVEIICCNCTCTMCFQEVDNDVDNGTA,0,5.49953253971,true
KEVEQYCTNPTVVYIFGVANEISCGEGM,0,5.35425530946,true
KEVEQYCTNPTVVYIFGVVNEISCGEGM,0,4.86690360536,true
KEVEQYCTNPTVVYIFGVVNEISCGGGM,0,3.31768005985,true
KEVEQYTTNPTVVEIFGVVNEISCGGGM,0,4.570593044650001,true
KEVEQYTTNPTVVEIFGVVNEISQGGGM,0,4.78283934057,true
KEVEQYTTNPTVVEIFGVVNENSQGGGM,0,4.28194110464,true
KMIEIKQTNPVSTEMFGGFNEQVQYGTL,0,3.956170943459999,true
KMIEIKQTNPVSTMMFGGFNEQVQYGTL,0,4.99864785982,true
KMILIKQNNPVSTMMFGGFNEQVQYGTL,0,3.831279695630001,true
KMILIKQNNPVSTMMFKGFNEQVQYGTL,0,3.60729176396,true
KMILIKQNNPVSTMMFKGFNEQVQYGTR,0,3.36101267563,true
KMILIKQTNPVATMMFKGFNEQVQYGTR,0,4.489446408119999,true
KMILIKQTNPVATMMFKGFNTNVQYGNR,0,3.59787045891,true
KMILIKQTNPVATMMFKSFNTNVQRGNR,0,4.247725389299999,true
KMILIKQTNPVATMMFKSFNTNVQYGNR,0,4.253371952439999,true
KMILIKQTNPVSTMMFGGFNEQVQYGTL,0,5.33550134939,true
KMILIKQTNPVSTMMFKGFNEQVQYGTR,0,3.16498495829,true
KPEMIRTRNFDAFASCFDWFEDDCHFLC,0,4.61500975713,true
KPEMIRTTNFDAFASCFDWFEDDCHFLC,0,4.57836096591,true
KPESIRTTNPDATQCYGDVFEPECNEEN,0,5.30760917016,true
KPESIRTTNPDAVQCYGDVFEPECNEEN,0,4.83354800059,true
KPEYIRTTGPDATQCYGDVFEPPDNEEN,0,4.06781629929,true
KPEYIRTTNPDATQCYGDVFEPPDNEEN,0,5.47905093541,true
KPNIIRATNPMATLCYGSVWHSGDEGIL,0,4.048598383740001,true
KPNIIRATNPMAYLCYGSVWHSGDEGIL,0,5.59929646974,true
KPVAIICCNCTCNMCFQELDNDVDNTTA,0,4.673410132780001,true
KPVAIICCNCTCNMCFQELDNDVDNTTR,0,4.53347987164,true
KPVAIICCNPTCNMCFQELDNDVDNTTR,0,4.608686215820001,true
KPVAIICTNPTCNECYQELDNDVDNTTR,0,5.26868500794,true
KPVAIICTNPTCNECYQSLDNDVDNTNR,0,3.29574690416,true
KPVAIICTNPTCNECYQSLDNDVDNTTR,0,3.05543257483,true
KPVAIICTNPTCNECYQSLDTDVDNTNR,0,3.81587960234,true
KPVAIICTNPTCNMCYQELDNDVDNTTR,0,5.50077570656,true
KPVAIICTNPVCNECYQSLDTDVDNTNR,0,4.41932032173,true
KPVAIICTNPVCNEQYQSLDTDVDNTNR,0,5.28329706583,true
KPVAIRCTNPVANEQYQSLDTDVDNTNR,0,4.64006827116,true
KPVEIICCNCTCNMCFQELDNDVDNGTA,0,2.25337195244,true
KPVEIICCNCTCNMCFQELDNDVDNTTA,0,0.0,true
KPVEIICCNCTCTMCFQELDNDVDNGTA,0,3.5682452898,true
KTNVIRPFNGNAMESCGCVFYGDEEHNM,0,4.59950400697,true
KTNVIRPFNGNAMESYGCVFYGDEEGNM,0,4.803106887019999,true
KTNVIRPFNGNAMESYGCVFYGDEEHNM,0,3.25904070253,true
KTNVIRPFNGNAMESYGCVSYGDEEGNM,0,3.5164063582800003,true
KTNVIRPFNGNAMQSCGCVFYGDEEHDM,0,3.48839198211,true
KTNVIRPFNGNAMQSCGCVFYGDEEHNM,0,4.64781254711,true
KTNVIRPFNGNCMQSCGCWFYGDEEHDM,0,3.43038637867,true
MDFEIEAVNPVAGELFGGGCDCCHYGIT,0,4.524348859880001,true
MDFEIEAVNPVAGELFGGGCDCLHYGIT,0,5.55346424609,true
MDFEIEAVNPVGGWLFGGGCDCCHYEIT,0,4.86370117332,true
MDFEIEAVNPVGGWLFGGGCDCCHYGIT,0,5.47648989305,true
MDFEIETVNPVAGELFGGGCDCLHYGIT,0,4.75587229297,true
MDFEIETVNPVAGELFGGVCDCLHYGIT,0,5.0825227981,true
MDFEIETVNPVAGELYGGVCDCLHYGIT,0,4.677869780969999,true
MDFEVEAVNPCGGWLFQGGCDCCHYEIT,0,4.61459560612,true
MDFEVEAVNPVGGWLFQGGCDCCHYEIT,0,5.419059961,true
MEFEIAACNPVATEMFGTMSDAEEIETK,0,4.41858995121,true
MEFEIAACNPVGHEMFGTMSDAEEIETR,0,5.40794898955,true
MEFEIAACNPVGTEMFGTMSDAEEIETK,0,4.64726179504,true
MEGEIACTNPEATENYGQVDMGWYWGED,0,4.94910466791,true
MELEIRATNPVCTEGYGIADTAGEVLDL,0,5.6114369325,true
MELEIRAVNPVCTEGYGIADTAGEVLDL,0,5.00472776364,true
MENEIAQVNPVMTENYGQASSPQELGTD,0,5.262832281690001,true
NDIEIGQTNPASSEIWGTTGENVQHQGM,0,5.47262466625,true
NDIEIGQTNPASTEIWGTTGENVQHQGM,0,3.75053884867,true
NDIEIGQVNPASSEIWGTTGELVQHQGM,0,5.5516729884,true
NDIEIGQVNPASSEIWGTTGENVQHQGM,0,3.74699414163,true
NDIEVGQVNPASSEIWGTTGELVQHQGM,0,5.24095443132,true
NEEECMGTNPVCTEGYGWVDMDECALNR,0,3.68421130784,true
NEEECMSVNPVASEVYGCADMDWQQGNS,0,3.31033808451,true
NEEEVKSTNPTATFFWGSTASDWQRPLR,0,4.40223533836,true
NEGEICGVNSVSTEWYGDAAELWQHFQS,0,4.67155600704,true
NEGEVCGVNSVSTEWYGDAAELWQHFQS,0,4.7684999013,true
NEIEIVCTNPCSSEMYGNCGMLVQHLPT,0,4.68294077052,true
NEIEIVCTNPCSTEMYGNCGMLVQRLNT,0,4.773794200969999,true
NEIEIVCTNPCSTEMYGNCGMLVQRLPT,0,4.76480541774,true
NELEISTVNFTATEVCGTIADEDYGEAN,0,3.79625321598,true
NELEISTVNFTCTEVCGTIADEDYGEAN,0,3.524348859880001,true
NELEISTVNPTATEVCGSISDEDYGEAN,0,3.92079661336,true
NELEISTVNPTATEVCGTIADEDYGEAN,0,4.44610683679,true
NENCCVGVNCFCSECYGYFSTGLCVLLQ,0,3.76122552747,true
NENECVGVNCFCSECYGYFSTGLCVLLQ,0,4.86114433607,true
NENECVGVNCFCSECYGYVSTGLCVLLQ,0,3.4718408058400003,true
NENEIRCVNPCSTEQYGTADDEDCNGNT,0,4.88870797568,true
NENEISCVNPCSTEQYGTADDEDCNGNT,0,4.153207790519999,true
NENEISCVNPCSTETYGTADDEDCNGNT,0,5.62390695276,true
NENEISCVNPCSTETYGTADDEDQNGNT,0,5.06781629929,true
NENEISCVNPCSTETYGTADDEDQRGNT,0,5.11272872116,true
NENEIVGVNCFCSECYGYVSTGLCVLLQ,0,3.8214606346,true
NENEIVGVNCFCSECYGYVSTGLQVLLQ,0,3.53492917791,true
NENEIVSTNPCATEIYGDAPTGGLPPTD,0,5.12196974585,true
NESECMSVNPVASEVYGCADMDWQQGNS,0,4.030402337640001,true
NLNCCVGTNPFATEQYGYFFTGLCVGLQ,0,5.598383660440001,true
NLNCCVGVNCFCSECYGYFSTGLCVLLQ,0,4.29159127467,true
NPECIRTTNFDCWAICGSVDYGDCPGLD,0,4.89098252382,true
NPECIRTTNFDCWAICGSWDYGDCPGLD,0,4.78074696161,true
NPECIRTTNFDCWAQCGSVDYGDCPGLD,0,4.75587229297,true
NPECIRTTNPDAWAQCGSVDTGDCPGLD,0,5.18228885438,true
NPECIRTTNPDCWAQCGSVDTGDCPGLD,0,5.31436258233,true
NPEEIRPTNPGATQQYWFVWYEECAFQQ,0,5.37560021185,true
NPEEIRTTNFDAFAQCFDWFEGDCHEQC,0,5.59665600955,true
NPEEIRTTNPGATQQYWFVWYEECAFQQ,0,5.292336276,true
NPEMIRTRNFDAFASCFDWFEDDCHFLC,0,4.52145680302,true
NPEMIRTRNFDCFASCFDWFEDDCHFLC,0,4.45006386345,true
NPEMIRTTNFDAFAQCFDWFEDDCHFLC,0,3.957754701719999,true
NPEMIRTTNFDAFASCFDWFEDDCHFLC,0,4.08449504043,true
NPEMIRTTNPDAWAQCGSVDSGDCPGLD,0,3.79847846435,true
NPEMIRTTNPDCWALCGSVDSGDCPGLD,0,5.51075979514,true
NPETIQTRNFDCFAQCFDWFEGDCHEQC,0,3.2943160667900004,true
NPETIRTRNFDAFAQCFDWFEGDCHEQC,0,4.35533183362,true
NPETIRTRNFDCFAQCFDWFEGDCHEQC,0,3.0678162992899987,true
NPETIRTTNFDAFAQCFDWFEGDCHEQC,0,4.94597517635,true
NTEQIRTTNPEATETELSVQGAYVGDNP,0,4.40706849209,true
NTEQIRTTNPEATETELSVQGAYVGGNP,0,5.13323937428,true
NTEQIRTTNPEATSTELSVQGAYVGDFP,0,4.30390822469,true
NTEQIRTTNPEATSTELSVQGAYVGDNP,0,3.77830968209,true
NTEQIRTTNPEDTSTELSWQGAYVGDFP,0,3.0528066543499994,true
NTEQIRTTNPEDWSTELSWQGAYVGDFP,0,5.220082634230001,true
PAECIRPTNPFAYAQYWSWDHGDDPGLD,0,4.87075593086,true
PAECIRPTNPFAYQQYWSWEHGDDPGED,0,5.59848600283,true
PAECIRPTNPFAYQQYWVWEHGDDPGED,0,5.35862410714,true
PEESIHATNPTATHFFQSKFVTLDDPLH,0,5.22800229753,true
PEESIHATNPTATHFYQSKFVTLDDPLH,0,4.76779546035,true
PEESIHATNPTATHFYQSKFVTLDDPNH,0,4.87134951039,true
PEESIRATNPTATHFYQSKFVTLDDPNH,0,4.358742716469999,true
PGESIHATNPTATHFFQSKFVTLDDPLH,0,4.91382465275,true
PGESIHATNPTVMHFFQSKFVTLDDPLH,0,5.21920534929,true
PGESIHATNPTVMHFFQSKFVTPDDPLH,0,2.002965154939999,true
PGESIHATNPTVTHFFQSKFVTLDDPLH,0,5.17447640727,true
PGESIHAVNPTVMHFFQSKFVTPDDPLH,0,4.59189655786,true
PGWSIHAVNPTVMHFFQSKFVTPDDPLH,0,3.454342607159999,true
PGWSTHAVNGTVMHFFQAKFVTPDDPLH,0,4.15735346878,true
PGWSTHAVNPTVMHFFQAKFVTPDDPLH,0,4.40223533836,true
PGWSTHAVNPTVMHFFQSKFVTPDDPLH,0,4.11844237236,true
PNSHIAPVNTIEFLIGWWVEMPAHPYTA,0,3.94851737091,true
PNSHIAPVNTIEFLIGWWWEMPAHPYTA,0,3.652778800009999,true
PNSHMAPVNTIEFLIGWWWEMPAHPYTA,0,5.446629457719999,true
PSERTRQTNYICCWQYTHCYHGDYWGDS,0,3.9685017453699993,true
PSERTRQTNYICCWQYTHCYTGDYWGDS,0,4.132248171880001,true
PSERTRQTNYICCWVYTHCYHGDYWGDS,0,5.3305297853,true
PSERTRQTNYICCWVYTHCYHGDYWPDS,0,4.611286671089999,true
PSERTRQTNYICTWQYTHCYTGDYWGDS,0,4.46406655969,true
QDHEISQVNPISTELYGWTSNNDQNGEG,0,5.25431799885,true
QDHEISQVNPVSTELYGWTSNNDQNGEG,0,5.32523793864,true
QECECVCTNFCATYHYGFVSEVDYGFGN,0,3.78264278446,true
QECECVCTNFCCTYHYGFADEVDYGFGN,0,4.82942889994,true
QECECVCTNFCCTYHYGFVDEVDYGFGN,0,4.95510998047,true
QECECVCTNFCCVYHYGFADEVDYGFGN,0,5.36004539766,true
QECECVTTNFCATYHYGFVSEVDYGFGN,0,5.48469749855,true
QECECVTTNPCATYHYGFVSEVDYGFGN,0,4.72940008161,true
QEDEIAQVNPVSTEGYGEAPEVCMHEEK,0,4.79776390513,true
QEDEIAQVNPVSTEGYGEAPEVCQHEEK,0,4.96159801584,true
QEDEIVQVNPVSDEGYGEAPEVCQHEEK,0,0.0,true
QEDEIVQVNPVSTEGYGEAPEVCQHEEK,0,4.48174870848,true
QEEEIVQTNPVSTDCFGVAIESGCCPEI,0,4.522075108359999,true
QEEEIVQTNPVSTECFGVAIESGCCPEI,0,4.74256534509,true
QEEEIVQTNPVSTECFGVAITSGCCPEI,0,5.64286333114,true
QEEIIVCCNPTMTEMYGTMDEVEQQGPE,0,4.52776622044,true
QEEIIVCCNPTMTMMYGTMDEVEQQGPE,0,4.367001455669999,true
QEFEINAVNPVCCEMYGDAPDFIQHMPV,0,5.241892944,true
QEFEVNAVNPVCCEMYGDAPDFIQHMPV,0,3.49953253971,true
QEGEIAPVNPCSSEHYGIAACLVQSGTT,0,5.55885408334,true
QEGEIAPVNPCSSEHYGIVACLLQSGTT,0,4.9117221092,true
QEGEIVATNPACTEVFGDVSEDIYHGPF,0,5.59426458155,true
QEGEVAAVNPCASEQFGCTSANLEIGNP,0,5.40132655405,true
QEGEVAAVNPCASEQFGCTSANWEIGNR,0,4.61190651859,true
QENEIMATNPTCTEIFGDVSEEVQSEDF,0,5.46485894453,true
QENEIRVTNPVAGFWYQIVTEEEQSGPF,0,3.91382465275,true
QENEIVQVNPCCDEHFGEAPEVCMHEEK,0,4.636290677219999,true
QENEIVQVNPCCDEHYGEAPEVCMHEEK,0,5.2429874703,true
QENEIVQVNPVADEHYGEAPEVCMHEEK,0,5.14289541608,true
QENEIVQVNPVCDEHYGEAPEVCMHEEK,0,2.9257972944100006,true
QENEVRGTNPDATQQYGSVESDDELEVS,0,5.099499889800001,true
QENEVRGTNPDATQQYGSVETDDELEVS,0,4.40214683522,true
QEPEICQVNPIASENYGWAAEIQQMGPT,0,4.79308337207,true
QEPEICQVNPIATENYGWAAEIQQMGPT,0,3.976969414430001,true
QEPEICQVNPISSENYGWAAEIQQMGPT,0,4.390665949650001,true
QEPEVCQVNPISSENYGWAAEIQQMGPT,0,5.562250110330001,true
QEQEIKTQNPEATQQYWEDMPYLGYEQS,0,4.95381167058,true
QEQEIKTQNPEATQQYWEDMPYPGYEQS,0,2.4127277121800006,true
QEQEIRTQNPEATQQYWEDMPYLGYEQS,0,3.75893321155,true
QEQEIRTQNPVATQQYWEDMPYLGYEQS,0,5.06731948405,true
QEQEIRTTNHEATQQYWDVDTEDFDEES,0,3.86690360536,true
QEQEIVPVNPVSTEMYGIACVLMQYGGK,0,4.40922176867,true
QEQEVVPVNPVSTEMYGIACVLMQYGGK,0,5.13414105871,true
QESEIYSTNPDSTEIYGEADYGWEDGEM,0,4.928111160249999,true
QESEIYSTNPDSTEIYGEADYGWEDMEM,0,2.949396329269999,true
QESEIYSTNPDSTEIYGEASYGWEDGEM,0,5.1093113606,true
QETEIVQTNPVSYDCFGVAIESGCCPEI,0,4.47328508972,true
QEVEISAVNPESTFIFGCVSADWQQGDF,0,5.42003662472,true
QEVIIVCCNPTMTMMYGTMDEVEQQGPE,0,5.08449504043,true
QEVIIVCCNPTMYMMYGTMDEVEAQDPE,0,5.2704454658,true
QEVIIVCCNPTMYMMYGTMDEVEQQDPE,0,5.636290677219999,true
QEVIIVCCNPTMYMMYGTMDEVEQQGPE,0,4.03908837311,true
QQNAIGGENPDATQLYISVESNDELEVS,0,2.845423877949999,true
QQNAIGGTNPDATQLYISVESNDELEVS,0,4.09290728025,true
QQNAVGGENPDATQLYISVESDDELEVS,0,5.44037046724,true
QQNAVGGENPDATQLYISVESNDELEVS,0,3.75587229297,true
QQNEVGGTNPDATQLYGSVESDDELEVS,0,4.24693465481,true
QQNEVGGTNPDATQLYISVESDDELEVS,0,4.57294462633,true
QQNEVGGTNPDATQQYGSVESDDELEVS,0,5.53290082578,true
REDEIKAVNPVCTECYGGCGDTVQHGTT,0,4.836449808819999,true
REEECRAVNPVASECYGCIDMDWCAGNC,0,5.17718134051,true
REEEMQTVNPCGTAGYGSHSIALERNMD,0,5.56174372385,true
REEEMRTVNPCGTAGYGSHSIALERNMD,0,5.00347665824,true
REEEVTSVNPVCSECYGIASYNLMRLTQ,0,5.09367446721,true
REGEIKQTNCVAYEGFGFHSGNLQNQQA,0,5.10830036194,true
REGEIQCVNPCGTAGYGAVCIALERGND,0,5.12430104047,true
REGEIQCVNVCGTAGYGAHCIALERGMD,0,5.44987755299,true
REGEIRCVNPCGTAGYGAVCIALERGND,0,5.26917380857,true
REGEMQCVNVCGTAGYGAHCIALERGMD,0,4.65462249999,true
REHEITCVNPVSTEHYGAVDDDEEVGNA,0,5.008259454609999,true
REIEVMSVNPVSTENYGEASCIVQQGTL,0,2.139112429380001,true
REMECRAVNPVASECYGCIDMDWCAGNC,0,4.30863597131,true
REMECTAVNPVASECYGCIDMDWCAGNC,0,5.30213628,true
REMECTAVNPVASECYGCIDMDWCALNC,0,5.5038403812,true
REMECTAVNPVASECYGCVDMDWCALNC,0,4.8578205006,true
REMECTAVNPVATECYGCVDMDWCALNC,0,5.530212157799999,true
RPEFSKTTNCAAYSGYASHSGNLQNGQR,0,4.48562616255,true
RPGEIKQTNCAAYEGFGFHSGNLQNQQA,0,4.580022457569999,true
RPGEIKQTNCAAYSGFGFHSGNLQNQQA,0,4.289978423709999,true
RPGEIKQTNCVAYEGFGFHSGNLQNQQA,0,5.26083547163,true
RPGESKQTNCAAYSGFAFHSGNLQNQQA,0,3.32943003042,true
RPGESKQTNCAAYSGFGFHSGNLQNQQA,0,3.4127277121800006,true
RPGFSKQTNCAAYSGFAFHSGNLQNQQA,0,4.963599327130001,true
RPGFSKTTNCAAYSGFAFHSGNLQNQQA,0,3.92454549821,true
RPGFSKTTNCAAYSGFAFHSGNLQNQQR,0,5.1426899186,true
RPGFSKTTNCAAYSGFASHSGNLQNGQR,0,4.33929427562,true
RPGFSKTTNCAAYSGFASHSGNLQNQQR,0,3.89778291824,true
RPGFSKTTNCAAYSGYASHSGNLQNGQR,0,4.87152763189,true
RVEEMQCVNPCGTAGYGAHSIALERNMD,0,4.89857582568,true
RVEEMQCVNVCGTAGYGAHSIALERNMD,0,4.273717717059999,true
RVEEMQTVNPCGTAGYGAHSIALERNMD,0,4.700953394080001,true
RVEEMQTVNPCGTAGYGSHSIALERNMD,0,3.11844237236,true
RVGEMQCVNVCGTAGTGAHCIALERNMD,0,4.920796613359999,true
RVGEMQCVNVCGTAGTGAHSIALERNMD,0,3.24588937678,true
RVGEMQCVNVCGTAGYGAHCIALERGMD,0,4.55574724991,true
RVGEMQCVNVCGTAGYGAHCIALERNMD,0,4.64519885035,true
RVGEMQCVNVCGTAGYGAHSIALERNMD,0,4.317751180580001,true
SAECIHPTNYFAGQNPWDWHEGPCDMED,0,3.78113905158,true
SAECIHPTNYFAGQQPWDWHEGPCDMED,0,4.24685864548,true
SAECIHPTNYFAGQQYWDWHEGPCDMED,0,4.28081002262,true
SAECIRPTNPFAGQQYWDWHEGPCDMED,0,3.75714507209,true
SAECIRPTNPFATQQYWDWHEGPCDMED,0,5.00085286314,true
SAECIRPTNYFAGQQYWDWHEGPCDMED,0,4.342926011009999,true
SAEMIRPTNPFATAQYWDWHEGPCDMED,0,4.05648700084,true
SAEMIRPTNYFAMAQCWDWHEGPCDMED,0,4.46013372207,true
SAEMIRPTNYFATAQCWDWHEGPCDMED,0,3.80605417107,true
SAEMIRPTNYFATAQYWDWHEGPCDMED,0,3.70708991989,true
SAEMIRPTNYFCMAQCWDWHEGPCDMED,0,5.14930333606,true
SCEPQGTTNPYANLYWYHNENLGINWIP,0,4.301306429509999,true
SDVEIACCNPTATEMYGAVNTGPMVGTS,0,5.45642919383,true
SDVEIACCNPTCTEMGGAVNEGPMVGTS,0,5.17228052398,true
SDVEIACCNPTCTEMGGAVNTGPMVGTS,0,5.57477628801,true
SEEEARPTWVDAYVWYGLMATDPQRENM,0,4.57664773079,true
SEEEARPVWVDAYVWYGLMATDPQRENM,0,4.75176789464,true
SEEEIRPTWVDAYVWYGLMATDPQRENM,0,4.74257547036,true
SEEPQGTTNPYANLYWYHNENLGINWIP,0,3.81032007699,true
SEFEIMQCNPASTEQGGSVAVAVAVGDA,0,5.09485555204,true
SEFEIMQCNPASTEQGGSVAVAVQVGDA,0,3.90787538642,true
SEFEIMQTNPASTEQGGSVAVAVAVGDA,0,5.29410374335,true
SEGEITAVNPISVEMFGTVSAAPQLGPV,0,4.344482570709999,true
SEGEIWATNPTCHEMFGCVSVMPYNGNF,0,5.398438770269999,true
SEIEISQVNPDSTEMYGAAATGENRGNN,0,5.065449284740001,true
SENEARPVNVDAYEWYGLMATDPELEQM,0,5.00296515494,true
SENEARPVNVDAYVWYGLMATDPELEQM,0,5.00641575462,true
SENEARPVWVDAYVWYGLMATDPELENM,0,3.0620251843800013,true
SENEARPVWVDAYVWYGLMATDPELEQM,0,2.7813733650699994,true
SENEARPVWVDAYVWYGLMATDPERENM,0,3.066017048099999,true
SENEARPVWVDAYVWYGLMATDPQRENM,0,5.16026254805,true
SENEIRCTNGVATEQWGDYHEIEMQEDA,0,4.936151822759999,true
SENEIRPVNPDAYEWYGLMATDPELEQM,0,4.40432771732,true
SENEIRPVNPVAYEWYGLMATDPELEQM,0,5.01890669881,true
SENEIRPVNPVAYEWYGSMATDPELEQM,0,5.55656348475,true
SENEIRPVNVDAYEWYGLMATDPELEQM,0,5.01580746015,true
SEQEICCCNPACTELFGSVSVGDQQLTH,0,4.99979787586,true
SEQEICCCNPACTELFGVVSVGDQQLTH,0,4.17447640727,true
SEQEISATNPEGTEWYGQVSECPNLGDD,0,5.551917119890001,true
SEQEIYSTNPHSTEWWGNYGDCDMGFQL,0,4.70340487308,true
SEQEIYSTNPHSTEWWGNYGDCLMGFQL,0,5.19439122559,true
SEVEIAATNPTSTELFGDVPELECQEDF,0,4.42329695389,true
SEVEIAAVNPEAHEIFGIVSNAWQIEDF,0,5.02767690843,true
SEVEIAAVNPEAHEIYGIVSNAWQIEDF,0,5.5721603398,true
SEVEISCCNPECTEIFGVVSENDQMEDF,0,4.91723528091,true
SEVEISQTNPESSENYGHADEGQLVGPE,0,4.690580832719999,true
SEVEISQTNPESSENYGHASEGQLVGPE,0,3.74257547036,true
SEVEISQTNPESSENYGHVSTGQLVGPE,0,4.908989006730001,true
SEVEIYSTNPFATEGYGTADDAPNHGNQ,0,5.56393045416,true
SEVEIYSTNPFCTEGYGTADDAPNHGEQ,0,4.687176775219999,true
SEVTIAGTNPESTECFGDVSADEQHGDF,0,4.93652370101,true
SEVTIAGVNPESTECFGDVSADEQHGDF,0,4.56676292527,true
SLECIAATNPFACALGGSVETGPYQGLF,0,4.78493475857,true
SLECIATTNPFLTACGWDVEEGECQEDF,0,4.44589004213,true
SLECIATTNPTLTACGWDVEEGECQEDF,0,5.30382422254,true
SLECIATTNPTLTACGWDVNEGECNEDF,0,5.3290093583,true
SLECIATTNPTLWACGWDVEEGECQEDF,0,4.95461099192,true
SLECIATTNPTLWACGWDVNEGECNEDF,0,5.041525001469999,true
SLECIRATNPFAWACGGSVEAGPYNGLF,0,5.492314127809999,true
SLECIRATNPFAWACGGSVETGPYNGLF,0,3.9809388486099992,true
SLECIRATNPTAYYIFGSVEAGPYQGLF,0,4.71183882945,true
SLECIRTTNPEATCQGWDVEEGECQGLA,0,4.27213927594,true
SLECIRTTNPELTCQGWDVEEGECQGLA,0,5.21530391161,true
SLECIRTTNPFATACGWDVEEGECQEDF,0,4.94415968091,true
SLECIRTTNPFATAQGWDVEEGECQEDF,0,3.58594729153,true
SLECIRTTNPFLTACGWDVEEGECQEDF,0,5.29870931802,true
SLECIRTTNPTATACGWDVEEGECQEDF,0,4.67186235374,true
SLECIRTTNPTATACGWDVNEGECNEDF,0,4.46406655969,true
SLECIRTTNPTATAQGWDVEEGECQEDF,0,4.455477359630001,true
SLECIRTTNPTATAQGWDVNEGECNEDF,0,2.6496728891399988,true
SLECIRTTNPTAWALFGSVEAGPYQGLG,0,5.02863901589,true
SLECIRTTNPTAWALFGSVETGPYQGLG,0,4.74522504877,true
SLECIRTTNPTLTACGWDVEEGECQEDF,0,4.799675981619999,true
SLECIRTTNPTLTACGWDVNEGECNEDF,0,5.35916661647,true
SLECQAATNPFLWACGWDVEEGECQEDF,0,4.92215871735,true
SLECQAATNPTLWACGWDVNEGECNEDF,0,5.502825613590001,true
SLECQATTNPFLWACGWDVEEGECQEDF,0,4.90589773698,true
SLECQATTNPTLWACGWDVEEGECQEDF,0,4.10266716888,true
SLECQATTNPTLWACGWDVNEGECNEDF,0,5.5066670405,true
SLECQRTTNPELTCQGWDVEEGECQGLA,0,3.96938656296,true
SLECQYCTNPELFCQGWDAEEGECQYLA,0,4.31217007846,true
SLECQYCTNPELFCQGWDVEEGECQGLA,0,5.01506463251,true
SLECQYCTNPELFCQGWDVEEGECQYLA,0,4.99138563604,true
SLECQYCTNPELFCSGWDAEEGECQYLA,0,4.32093523626,true
SLECQYTTNPELTCQGWDVEEGECQGLA,0,5.09180724585,true
SLEEIRTTNPFATAQGWDVEEGECQEDF,0,5.21797804591,true
SLEEIRTTNPTATAQGWDVEEGECQEDF,0,5.097457347230001,true
SLEEIRTTNPTATAQGWDVNEGECNEDF,0,5.1402694956,true
SLEQIRTTNPDAFGWWGCWDPAFFYGTY,0,5.04127451183,true
SLEQIRTTNPDAFGWYGCWDPAFFYGTY,0,4.34585286846,true
SMDLIMACNPTASDCFAFLHAAYIQGPF,0,5.61395298026,true
SMDLIMACNPTSSDCFAFLHAAYIQGPF,0,3.95510998047,true
SMELIMACNPTASDCFAFLHANYIQGPF,0,3.973969007719999,true
SMELIMTCNPTASDCFAFLHANYIQGPF,0,5.346858581319999,true
SPEMIHPTNYFAGQQYWDWHEGDCDMED,0,5.39528257772,true
SPEMIRPTNPFAGQQYWDWHEGDCDMED,0,4.59660119906,true
SPEMIRPTNPFATQQYWDWHEGDCDMED,0,3.61190651859,true
SPEMIRPTNYFAGQQYWDWHEGDCDMED,0,3.75176789464,true
STECIRTTNCHATCKWGDWHDGEMEEDA,0,5.638916146630001,true
STECISTTNCHATCKWGDWHDGEMEEDA,0,5.59338771566,true
STECISTTNCHHTCKWKDWHDGEMEEDA,0,5.07970997787,true
STEMIRTTNPHAMCKWGDWHEPEMTGDP,0,4.4773367936,true
STEMIRTTNPYAMCKWGDWHEGEMEGDP,0,5.55930364709,true
SVFVINACIYGLWLIFQNAYFHPDFFQF,0,4.956170943459999,true
TEEYIRTTNPDCYIIWQSVYGDEYSELP,0,4.764116287069999,true
TEEYIRTTNPDCYIIWQSVYTNEYSELP,0,5.07113665758,true
THCEIMPVNPDNLMQCGSVDGGEQLPNV,0,5.04127451183,true
THCEIRPVNPDNLMQCGSVDGGEQLPNV,0,4.57294462633,true
THCNIMPVNPDNLMQCGSVDGGENLPNV,0,5.25668878749,true
THCNIMPVNPDNLMQCGSVDGGEQLPNV,0,3.62589550586,true
THCNIMPVNPDNLMSCGSVDGGENLPAV,0,3.79123933543,true
THEEIRPVNPDNLMQCGSVDGGEQLPNV,0,3.1620316409000004,true
THEEIRPVNPVALMQCGSVDGGEQLPNV,0,3.860130376769999,true
THEEIRPVNPVNLMQCGSVDGGEQLPNV,0,4.79002051538,true
TTEYIRPTNWDCYIIWQMNYGDEYSELP,0,4.72416343324,true
TTEYIRTTNPDCYIIWQMNYGDEYSELP,0,4.9723879719,true
TTEYIRTTNWDCYIIWQMNYGDEYSELP,0,5.541133444180001,true
VAECIRPTNPFAWQIYWCWEHGGDPGLP,0,5.595648692719999,true
VAECTRPTNPFAWQIFWCWEHGGDPPLP,0,4.48839198211,true
VAEMIRPTNPFAWQFYWCWEHGGDPPLP,0,5.6182654206,true
VAEMTRPTNPFAWQFYWCWEHGGDPPLP,0,4.379995265700001,true
VDGEIWQTNPDATENYGVAAEGINPGED,0,4.525866687530001,true
VEEEIYATGPVCTECWGFCSDEPQYEQV,0,5.16026254805,true
VEEEIYATGPVCTEQWGFCSDEPQYEQV,0,3.61190651859,true
VEEETHCTNCIAVFGWGCVASDLERPTP,0,5.37199572518,true
VEEEVRGTNPCCSEAFGAVGYNLMRGPI,0,5.632068265269999,true
VEIPIRCTNCFLWCTYGTNSNPECEGIH,0,5.56080047764,true
VEIPIRCTNPFAWETYGTNSNNECEGIH,0,4.99068682516,true
VEIPIRCTNPFAWETYGTNSNNECEGIR,0,5.1260959449,true
VEIPIRCTNPFAWETYGTNSNPECEGIH,0,5.058632977119999,true
VENEIYATGPVCTECWGFCSDEPQYEQV,0,4.77000262181,true
VENEIYAVGPVCTECWGFCSDEPQYEQV,0,4.734655807059999,true
VERETMPCNPCCTEMWGNGCENLQSGMQ,0,5.25602276981,true
VERETMPCNPCCTEMWGNGCENLQSVMQ,0,5.43929743258,true
VERETMPCNPCCTEMWGNVCENLQSGMQ,0,5.62441657693,true
VLELVRPTNPFAYLFFGAVEHGGIPPIP,0,5.241892944,true
VLWLVRPTNPFAYLFFGAVEHGGIPPIP,0,5.2883673738,true
VPECIQPRNFDAWAVCYDVFEPDCDMIC,0,4.18368839697,true
VPECIWTTNPMAMYCYGSNEAYGDVGEW,0,5.60681648358,true
VPECIWTTNPVAMYCYGSNEAYGDVGEW,0,5.40514960718,true
VPECIWTTNPVAMYCYGSNETYGDVGEW,0,5.525866687530001,true
VPEEIRTTNPGACQHYWFVWYEDCAFHQ,0,4.594283150700001,true
VPEMIRPTNPDAWQIYWCWEHGDDPGLP,0,3.98719783908,true
VPEMIRPTNPDAWQIYWCWEHGDDPPLP,0,4.75714507209,true
VPEMIRPTNPFAYLQYWSWDHGDDPGED,0,4.36266115615,true
VPEMVRPTNPDAWQIFWCWEHGDDPPLP,0,5.369857694919999,true
VPEMVRPTNPDAWQIYWCWEHGDDPPLP,0,4.44924540592,true
VSRETMPCNPCCTWMWGNGCENLQSVMQ,0,4.501937352300001,true
VSRETMPCNPCCTWMWGNGCENSQSVMQ,0,4.56278200748,true
VSRSTMPCNPCCTWMWGNGCENSQSVMQ,0,4.78979467966,true
VTIPIACTNCFLWCTWGTNENPECEGIH,0,5.5721603398,true
VTIPIACTNCFLWCTWGTNENPECEHIH,0,4.16893214281,true
VTIPIRCTNCFLWCTWGTNSNPECEGIH,0,5.32259555026,true
YDHELAGVNPCSTESFGCSCCNLQREEA,0,5.21020535104,true
YDHELAGVNPCSTESFGCSCCNWQNEEA,0,4.92579729441,true
YDHELAGVNPCSTESFGCSCCNWQNENA,0,4.65901075372,true
YDHELAGVNPCSTESFGCSCCNWQREEA,0,3.782839340569999,true
YDHELAGVNPCSTESFGCVSCNLQREEA,0,5.62069382217,true
YECEQCCVNPAADCVWGTLCDINQQIQT,0,5.0761315675,true
YECEQCCVNPASDCVWGTLCDINMQIQT,0,4.46886553069,true
YECEQCCVNPASDCVWGTLCDINQQIQT,0,4.63514607246,true
YECEQCCVNPVADCVWGTLCDINQQIQT,0,4.74699414163,true
YECEQCCVNPVADCVYGTLCDINQQIQT,0,5.56174372385,true
YECEQCTVNPVADCVYGTLCDINQQIQT,0,4.375600211849999,true
YEDEITCFNPCSTEIYGDCPATWYYDQY,0,5.16950961105,true
YEDEITTFNPCATEIYGDCPATWYYGQY,0,5.05461076049,true
YEDEITTFNPCSTEIYGDCPATWYYDQY,0,4.475135885399999,true
YEDEITTFNPCSTEIYGDCPATWYYGQY,0,4.12027578737,true
YEEEQCTVNPVADEVYGTLCDINQQIQT,0,4.77830968209,true
YEESIASVNPVCVFTYGVSVDNFQSGSQ,0,4.976781223130001,true
YEESIASVNPVCVFTYGVVVDNFQSGSQ,0,5.45764845868,true
YEGEITQTNPVGSEMYGEAPSVLQHPQH,0,4.13820562718,true
YEGEITQTNPVGSEMYGEAPSVVQHPQH,0,5.17447640727,true
YEGEVTQTNPVGSEMYGEAPSVVQHPQH,0,4.15912387249,true
YEGEVTQVNPVGSEMYGEAPSVVQHPQH,0,5.03417345546,true
YEHEVATTNPMSIEGCGAVFCDLEAGNV,0,4.517712555780001,true
YEHEVATTNPMSIMGCGAVFCDLEAGNV,0,4.84565883805,true
YENELTCTNPVCTEPYGGVAEDDCYGND,0,4.69484285957,true
YEQEITCVNPCCTEVYGAADSEECHGNG,0,3.5643408353400003,true
YEVEIACVNPCCTECYGTADDDWCHGNG,0,5.21487071965,true
YEVEITCVNPCCTELYGWADDEECTGNF,0,5.57735349727,true
YSEEVATFNPMSIMGCGAVFCDLEAKYV,0,4.18368839697,true
YSEEVATFNPMSIMGCGAVSCDLEAKYV,0,3.81604594273,true
YSEEVATTNPMAIMGCGSVSCDLQAGYV,0,5.62515990403,true
YSEEVATTNPMSIMGCGAVSCDLEAKYV,0,4.52299896783,true
YSHEVATFNPMSIMGCGAVFCDLEAGNV,0,4.16156085793,true
YSHEVATFNPMSIMGCGAVFCDLEAGYV,0,5.07677319306,true
YSHEVATFNPMSIMGCGAVFCDLEAKYV,0,5.47448440874,true
YSHEVATTNPMSIMGCGAVFCDLEAGNV,0,4.58464551727,true
DAECIRPTNPFAGCQYWFWHEGPCNEED,0,5.217786019269223,true
DAEEIRPTNPFATAQYWDWHEGPCDMED,0,4.773978646704259,true
DAEMIRPTNPFAWQFYWSWEHGGDPGLP,0,4.027573387041096,true
DAEMIRPTNPFAYSQYWSWEHGDDDGLP,0,5.218675375004453,true
DDMPIRMVPCYCTAQYVQNPTNDSMPDQ,0,3.9051305526254616,true
DEEEIWCTNPHDHDCYHFVADNWWCEFA,0,5.063010212407181,true
DEEPQGTTNPYANLYWYSNENLGINGIP,0,5.596238654383748,true
DNEQFRTRWPVAFAQWGSVSDYEHPVSG,0,3.666630877860584,true
DNSHIAPTNTIEFLIGWWVEMPAHPYTA,0,3.011307742181491,true
DPEEIRPTNWGAAQCYKFVHDGGCQWEN,0,4.736855180609722,true
GEIEIVATNPCSTECWGWTGNLLQHGGT,0,5.344651404029827,true
GPVEVCCTNCCASEVWGSVAADPQPGTY,0,4.691140572284711,true
HAGCTSPTNCFGGCHPWFWHEGPCNEED,0,4.449797942556144,true
HDAETACVNPIACQLFGTMDMDLQVPTF,0,5.484605427708187,true
HDVIQKGVNPICFAAGYHVPCTPVGLFH,0,3.7601822167143615,true
HIDNCCATNPILVASQLTWWMCICGMEM,0,3.82695333579092,true
HIDNIRATNPILVASQLSVWMCICGGEM,0,3.585550212594523,true
KPVAIICTNPTCNECYQSLDTDVDNTNR,0,4.927311209262542,true
MELEIRAVNPVCTEGWGIADTAGEVLDL,0,4.916574649861057,true
NEIEIVCTNPCSSEMYGNCGMLVQHLPT,0,4.179635006481201,true
NENEISCVNPCSTETYGTADDEDQRGNT,0,5.577318159564552,true
NPETIQTRNFDCFAQCFDWFEGDCHEQC,0,4.130415681859758,true
NTEQIRTTNPEDWSTELSWQGAYVGDFP,0,4.954560261881214,true
PGESIHATNPTVMHFFQSKFVTLDDPLH,0,3.973995886101259,true
QEFEVNAVNPVCCEMYGDAPDFIQHMPV,0,5.568785684969225,true
QESEIYSTNPDSTEIYGEADYGWEDMEM,0,4.295470024699394,true
QEVEISAVNPESTFIFGCVSANWQQGDF,0,4.644361459575959,true
SENEIRPVNPVAYEWYGSMATDPELEQM,0,4.93355896095198,true
SLECIRTTNPFAWACGGSVETGPYNGLF,0,3.852079781437036,true
SLECIRTTNPTATAQGWDVEEGECQEDF,0,3.818232330144663,true
SLECIRTTNPTATAQGWDVNEGECNEDF,0,4.78723354126888,true
SVFVINACIYGLWLIFQNAYFHPDFFQF,0,3.9005481399611632,true
VEIPIRCTNCFAWETYGTNSNPECEGIH,0,2.3497932210135843,true
YECEQCCVNPVADCVYGTLCDINQQIQT,0,4.874952403960437,true
YEDEITTFNPCATEIYGDCPATWYYGQY,0,4.427493426989216,true
YEIEIASVNPVCVFTYGVSSDNFQSGSQ,0,3.3084862468566705,true
YEVEITCTNPCCTELYGWADDEECTGNF,0,4.336683138687323,true
